name,external_id
Password Filter DLL Mitigation,T1174
Space after Filename Mitigation,T1151
HISTCONTROL Mitigation,T1148
Credentials in Files Mitigation,T1081
Exploitation for Credential Access Mitigation,T1212
Query Registry Mitigation,T1012
Login Item Mitigation,T1162
Setuid and Setgid Mitigation,T1166
Compiled HTML File Mitigation,T1223
Data Destruction Mitigation,T1488
Windows Management Instrumentation Event Subscription Mitigation,T1084
File System Permissions Weakness Mitigation,T1044
AppInit DLLs Mitigation,T1103
Launch Agent Mitigation,T1159
Network Intrusion Prevention,M1031
Regsvr32 Mitigation,T1117
Hidden Users Mitigation,T1147
Data from Information Repositories Mitigation,T1213
Exploitation of Remote Services Mitigation,T1210
Vulnerability Scanning,M1016
Domain Trust Discovery Mitigation,T1482
Third-party Software Mitigation,T1072
Binary Padding Mitigation,T1009
Audio Capture Mitigation,T1123
System Owner/User Discovery Mitigation,T1033
Peripheral Device Discovery Mitigation,T1120
Clipboard Data Mitigation,T1115
Gatekeeper Bypass Mitigation,T1144
Scheduled Transfer Mitigation,T1029
Browser Bookmark Discovery Mitigation,T1217
Port Monitors Mitigation,T1013
Limit Access to Resource Over Network,M1035
AppleScript Mitigation,T1155
Indirect Command Execution Mitigation,T1202
Network Share Discovery Mitigation,T1135
Remote Data Storage,M1029
Filter Network Traffic,M1037
Restrict Web-Based Content,M1021
Install Root Certificate Mitigation,T1130
Limit Software Installation,M1033
Sudo Mitigation,T1169
Multilayer Encryption Mitigation,T1079
Transmitted Data Manipulation Mitigation,T1493
Automated Exfiltration Mitigation,T1020
Application Window Discovery Mitigation,T1010
Application Developer Guidance,M1013
System Firmware Mitigation,T1019
Data Compressed Mitigation,T1002
Limit Hardware Installation,M1034
User Training,M1017
Data Encrypted Mitigation,T1022
File and Directory Discovery Mitigation,T1083
User Account Control,M1052
Hypervisor Mitigation,T1062
Plist Modification Mitigation,T1150
Operating System Configuration,M1028
Windows Admin Shares Mitigation,T1077
Winlogon Helper DLL Mitigation,T1004
Runtime Data Manipulation Mitigation,T1494
Image File Execution Options Injection Mitigation,T1183
Process Doppelgänging Mitigation,T1186
File Deletion Mitigation,T1107
Exploitation for Defense Evasion Mitigation,T1211
Email Collection Mitigation,T1114
Disabling Security Tools Mitigation,T1089
Data from Removable Media Mitigation,T1025
Standard Non-Application Layer Protocol Mitigation,T1095
Control Panel Items Mitigation,T1196
Pass the Ticket Mitigation,T1097
Domain Generation Algorithms Mitigation,T1483
Clear Command History Mitigation,T1146
Windows Remote Management Mitigation,T1028
Data Backup,M1053
Launch Daemon Mitigation,T1160
Service Stop Mitigation,T1489
SSH Hijacking Mitigation,T1184
Data Encrypted for Impact Mitigation,T1486
Data Staged Mitigation,T1074
Shared Webroot Mitigation,T1051
Kernel Modules and Extensions Mitigation,T1215
Credentials in Registry Mitigation,T1214
Masquerading Mitigation,T1036
Web Service Mitigation,T1102
Resource Hijacking Mitigation,T1496
Network Sniffing Mitigation,T1040
Execution Prevention,M1038
Password Policy Discovery Mitigation,T1201
Credential Access Protection,M1043
Brute Force Mitigation,T1110
Indicator Removal from Tools Mitigation,T1066
.bash_profile and .bashrc Mitigation,T1156
Signed Script Proxy Execution Mitigation,T1216
Multi-Stage Channels Mitigation,T1104
Fallback Channels Mitigation,T1008
Screen Capture Mitigation,T1113
Source Mitigation,T1153
Remote Desktop Protocol Mitigation,T1076
LLMNR/NBT-NS Poisoning Mitigation,T1171
User Execution Mitigation,T1204
Hardware Additions Mitigation,T1200
Keychain Mitigation,T1142
Scripting Mitigation,T1064
Code Signing,M1045
Timestomp Mitigation,T1099
Account Discovery Mitigation,T1087
Defacement Mitigation,T1491
Environment Variable Permissions,M1039
Re-opened Applications Mitigation,T1164
Netsh Helper DLL Mitigation,T1128
Domain Fronting Mitigation,T1172
Data Loss Prevention,M1057
Network Denial of Service Mitigation,T1498
Exploit Public-Facing Application Mitigation,T1190
Component Firmware Mitigation,T1109
System Network Configuration Discovery Mitigation,T1016
Indicator Removal on Host Mitigation,T1070
LC_MAIN Hijacking Mitigation,T1149
Forced Authentication Mitigation,T1187
Firmware Corruption Mitigation,T1495
Privileged Process Integrity,M1025
Multi-hop Proxy Mitigation,T1188
XSL Script Processing Mitigation,T1220
LC_LOAD_DYLIB Addition Mitigation,T1161
Do Not Mitigate,M1055
Pre-compromise,M1056
Trusted Relationship Mitigation,T1199
DLL Side-Loading Mitigation,T1073
Drive-by Compromise Mitigation,T1189
LSASS Driver Mitigation,T1177
Hooking Mitigation,T1179
SSL/TLS Inspection,M1020
Commonly Used Port Mitigation,T1043
Process Hollowing Mitigation,T1093
Boot Integrity,M1046
Data from Local System Mitigation,T1005
Trap Mitigation,T1154
Dynamic Data Exchange Mitigation,T1173
Endpoint Denial of Service Mitigation,T1499
System Time Discovery Mitigation,T1124
Code Signing Mitigation,T1116
Systemd Service Mitigation,T1501
Hidden Files and Directories Mitigation,T1158
Network Segmentation,M1030
Threat Intelligence Program,M1019
Input Prompt Mitigation,T1141
Registry Run Keys / Startup Folder Mitigation,T1060
Automated Collection Mitigation,T1119
Rundll32 Mitigation,T1085
Spearphishing Attachment Mitigation,T1193
File System Logical Offsets Mitigation,T1006
Password Policies,M1027
Behavior Prevention on Endpoint,M1040
Distributed Component Object Model Mitigation,T1175
CMSTP Mitigation,T1191
Exfiltration Over Command and Control Channel Mitigation,T1041
Exploitation for Privilege Escalation Mitigation,T1068
Service Registry Permissions Weakness Mitigation,T1058
User Account Management,M1018
Authentication Package Mitigation,T1131
Startup Items Mitigation,T1165
Network Share Connection Removal Mitigation,T1126
Man in the Browser Mitigation,T1185
AppCert DLLs Mitigation,T1182
Rootkit Mitigation,T1014
Bootkit Mitigation,T1067
DLL Search Order Hijacking Mitigation,T1038
Supply Chain Compromise Mitigation,T1195
Restrict File and Directory Permissions,M1022
Create Account Mitigation,T1136
Remote System Discovery Mitigation,T1018
Logon Scripts Mitigation,T1037
Privileged Account Management,M1026
Screensaver Mitigation,T1180
Security Support Provider Mitigation,T1101
Uncommonly Used Port Mitigation,T1065
Shortcut Modification Mitigation,T1023
Time Providers Mitigation,T1209
Restrict Registry Permissions,M1024
Kerberoasting Mitigation,T1208
Custom Cryptographic Protocol Mitigation,T1024
Antivirus/Antimalware,M1049
Standard Cryptographic Protocol Mitigation,T1032
Regsvcs/Regasm Mitigation,T1121
Exfiltration Over Other Network Medium Mitigation,T1011
Graphical User Interface Mitigation,T1061
NTFS File Attributes Mitigation,T1096
Bash History Mitigation,T1139
Spearphishing Link Mitigation,T1192
Compile After Delivery Mitigation,T1500
Credential Dumping Mitigation,T1003
Remote Access Tools Mitigation,T1219
Multi-factor Authentication,M1032
Browser Extensions Mitigation,T1176
Software Configuration,M1054
DCShadow Mitigation,T1207
New Service Mitigation,T1050
Communication Through Removable Media Mitigation,T1092
SID-History Injection Mitigation,T1178
Application Isolation and Sandboxing,M1048
Data Transfer Size Limits Mitigation,T1030
Inhibit System Recovery Mitigation,T1490
Web Shell Mitigation,T1100
Pass the Hash Mitigation,T1075
Security Software Discovery Mitigation,T1063
Bypass User Account Control Mitigation,T1088
Accessibility Features Mitigation,T1015
System Network Connections Discovery Mitigation,T1049
Rc.common Mitigation,T1163
Local Job Scheduling Mitigation,T1168
Environmental Keying Mitigation,T1480
Access Token Manipulation Mitigation,T1134
System Information Discovery Mitigation,T1082
Template Injection Mitigation,T1221
Spearphishing via Service Mitigation,T1194
Application Deployment Software Mitigation,T1017
Software Packing Mitigation,T1045
BITS Jobs Mitigation,T1197
Extra Window Memory Injection Mitigation,T1181
Audit,M1047
Remote File Copy Mitigation,T1105
Application Shimming Mitigation,T1138
Execution through Module Load Mitigation,T1129
Deobfuscate/Decode Files or Information Mitigation,T1140
PowerShell Mitigation,T1086
Data Obfuscation Mitigation,T1001
Network Service Scanning Mitigation,T1046
Exploit Protection,M1050
Mshta Mitigation,T1170
Valid Accounts Mitigation,T1078
External Remote Services Mitigation,T1133
Service Execution Mitigation,T1035
Change Default File Association Mitigation,T1042
System Service Discovery Mitigation,T1007
Data from Network Shared Drive Mitigation,T1039
Video Capture Mitigation,T1125
Multiband Communication Mitigation,T1026
Sudo Caching Mitigation,T1206
Dylib Hijacking Mitigation,T1157
Permission Groups Discovery Mitigation,T1069
Path Interception Mitigation,T1034
Launchctl Mitigation,T1152
Active Directory Configuration,M1015
Exfiltration Over Physical Medium Mitigation,T1052
Update Software,M1051
Restrict Library Loading,M1044
Two-Factor Authentication Interception Mitigation,T1111
Stored Data Manipulation Mitigation,T1492
Disable or Remove Feature or Program,M1042
InstallUtil Mitigation,T1118
Indicator Blocking Mitigation,T1054
Modify Registry Mitigation,T1112
SIP and Trust Provider Hijacking Mitigation,T1198
Replication Through Removable Media Mitigation,T1091
Taint Shared Content Mitigation,T1080
Private Keys Mitigation,T1145
Scheduled Task Mitigation,T1053
Exploitation for Client Execution Mitigation,T1203
Custom Command and Control Protocol Mitigation,T1094
Process Discovery Mitigation,T1057
Port Knocking Mitigation,T1205
Redundant Access Mitigation,T1108
Account Use Policies,M1036
Hidden Window Mitigation,T1143
Data Encoding Mitigation,T1132
Modify Existing Service Mitigation,T1031
Encrypt Sensitive Information,M1041
Component Object Model Hijacking Mitigation,T1122
HDoor,S0061
TrickBot,S0266
PowerDuke,S0139
EKANS,S0605
BLINDINGCAN,S0520
Wiarp,S0206
RCSession,S0662
Spark,S0543
QuietSieve,S0686
SynAck,S0242
Bumblebee,S1039
MURKYTOP,S0233
GRIFFON,S0417
Exaramel for Windows,S0343
Amadey,S1025
RDFSNIFFER,S0416
Proxysvc,S0238
Orz,S0229
Torisma,S0678
NOKKI,S0353
yty,S0248
Backdoor.Oldrea,S0093
DOGCALL,S0213
Stuxnet,S0603
Downdelph,S0134
RotaJakiro,S1078
AvosLocker,S1053
SEASHARPEE,S0185
Get2,S0460
POWRUNER,S0184
KOPILUWAK,S1075
RobbinHood,S0400
Power Loader,S0177
TDTESS,S0164
Chinoxy,S1041
SharpStage,S0546
Sardonic,S1085
Smoke Loader,S0226
HALFBAKED,S0151
WindTail,S0466
Misdat,S0083
FLIPSIDE,S0173
Linux Rabbit,S0362
adbupd,S0202
Emissary,S0082
Exaramel for Linux,S0401
KEYMARBLE,S0271
BUBBLEWRAP,S0043
HAWKBALL,S0391
PS1,S0613
Ursnif,S0386
ThreatNeedle,S0665
ZLib,S0086
RedLeaves,S0153
Miner-C,S0133
POWERSOURCE,S0145
Felismus,S0171
Zeus Panda,S0330
GeminiDuke,S0049
CARROTBAT,S0462
Matryoshka,S0167
FrameworkPOS,S0503
GravityRAT,S0237
WEBC2,S0109
Prestige,S1058
Bankshot,S0239
SharpDisco,S1089
StrongPity,S0491
HAPPYWORK,S0214
xCaon,S0653
PLAINTEE,S0254
Pony,S0453
WinMM,S0059
Nebulae,S0630
Janicab,S0163
AuditCred,S0347
Lurid,S0010
Kasidet,S0088
OceanSalt,S0346
Brave Prince,S0252
RainyDay,S0629
Ecipekac,S0624
AppleSeed,S0622
macOS.OSAMiner,S1048
LOWBALL,S0042
NETWIRE,S0198
TinyTurla,S0668
PyDCrypt,S1032
HyperStack,S0537
iKitten,S0278
HAMMERTOSS,S0037
OLDBAIT,S0138
Bad Rabbit,S0606
CosmicDuke,S0050
EvilGrab,S0152
EnvyScout,S0634
SslMM,S0058
GreyEnergy,S0342
Darkmoon,S0209
Aria-body,S0456
Emotet,S0367
SNUGRIDE,S0159
Olympic Destroyer,S0365
Crimson,S0115
Tomiris,S0671
TEARDROP,S0560
Turian,S0647
BADHATCH,S1081
Machete,S0409
PowerLess,S1012
Action RAT,S1028
Avenger,S0473
Prikormka,S0113
PingPull,S1031
WellMess,S0514
Dacls,S0497
DropBook,S0547
Woody RAT,S1065
Mafalda,S1060
KARAE,S0215
Squirrelwaffle,S1030
ELMER,S0064
PolyglotDuke,S0518
Umbreon,S0221
AuTo Stealer,S1029
Hildegard,S0601
Agent.btz,S0092
SLOWDRIFT,S0218
SHUTTERSPEED,S0217
SombRAT,S0615
FlawedGrace,S0383
FLASHFLOOD,S0036
FlawedAmmyy,S0381
Snip3,S1086
FYAnti,S0628
Rifdoor,S0433
SUGARUSH,S1049
HOPLIGHT,S0376
GuLoader,S0561
MobileOrder,S0079
WastedLocker,S0612
RegDuke,S0511
ProLock,S0654
InvisiMole,S0260
P.A.S. Webshell,S0598
QUIETEXIT,S1084
Naid,S0205
Volgmer,S0180
WINERACK,S0219
WhisperGate,S0689
FruitFly,S0277
ZeroT,S0230
Keydnap,S0276
RDAT,S0495
Hacking Team UEFI Rootkit,S0047
Skidmap,S0468
Okrum,S0439
Regin,S0019
Bonadan,S0486
SamSam,S0370
Neoichor,S0691
Conti,S0575
RemoteCMD,S0166
Diavol,S0659
Raindrop,S0565
Doki,S0600
TEXTMATE,S0146
Siloscape,S0623
BlackCat,S1068
Fysbis,S0410
IcedID,S0483
VERMIN,S0257
UBoatRAT,S0333
MarkiRAT,S0652
PowerShower,S0441
Kazuar,S0265
NavRAT,S0247
DarkComet,S0334
NETEAGLE,S0034
POORAIM,S0216
Ragnar Locker,S0481
FatDuke,S0512
Lucifer,S0532
BlackEnergy,S0089
zwShell,S0350
Zeroaccess,S0027
DCSrv,S1033
DRATzarus,S0694
BOOSTWRITE,S0415
Rising Sun,S0448
ASPXSpy,S0073
NotPetya,S0368
ShimRat,S0444
Chrommme,S0667
BADFLICK,S0642
ObliqueRAT,S0644
SHOTPUT,S0063
Avaddon,S0640
Conficker,S0608
Flagpro,S0696
Hi-Zor,S0087
SpicyOmelette,S0646
XAgentOSX,S0161
Green Lambert,S0690
China Chopper,S0020
CALENDAR,S0025
LockerGoga,S0372
Chaos,S0220
ISMInjector,S0189
PUNCHBUGGY,S0196
GoldMax,S0588
HELLOKITTY,S0617
CostaBricks,S0614
KeyBoy,S0387
POSHSPY,S0150
MiniDuke,S0051
HyperBro,S0398
Anchor,S0504
Pteranodon,S0147
DarkTortilla,S1066
ROKRAT,S0240
CORESHELL,S0137
RunningRAT,S0253
Babuk,S0638
DarkWatchman,S0673
Dyre,S0024
BlackMould,S0564
Javali,S0528
BBSRAT,S0127
PlugX,S0013
Reaver,S0172
Bisonal,S0268
S-Type,S0085
SeaDuke,S0053
BS2005,S0014
DustySky,S0062
Duqu,S0038
Truvasys,S0178
Remsec,S0125
Industroyer2,S1072
Sykipot,S0018
Explosive,S0569
Xbash,S0341
Rover,S0090
Epic,S0091
LightNeuron,S0395
Peppy,S0643
KEYPLUG,S1051
Cuba,S0625
DEATHRANSOM,S0616
Clambling,S0660
Mongall,S1026
NanHaiShu,S0228
SVCReady,S1064
ThiefQuest,S0595
FoggyWeb,S0661
Carbanak,S0030
XTunnel,S0117
Hydraq,S0203
SHARPSTATS,S0450
Ferocious,S0679
HOMEFRY,S0232
CreepyDrive,S1023
Caterpillar WebShell,S0572
Netwalker,S0457
Elise,S0081
USBferry,S0452
WannaCry,S0366
Gazer,S0168
TSCookie,S0436
Saint Bot,S1018
Pay2Key,S0556
Chaes,S0631
Briba,S0204
CharmPower,S0674
TYPEFRAME,S0263
3PARA RAT,S0066
Bundlore,S0482
P8RAT,S0626
EVILNUM,S0568
KOMPROGO,S0156
SMOKEDHAM,S0649
Mori,S1047
QUADAGENT,S0269
TAINTEDSCRIBE,S0586
Sys10,S0060
pngdowner,S0067
Royal,S1073
BendyBear,S0574
Uroburos,S0022
Metamorfo,S0455
Trojan.Karagany,S0094
Bandook,S0234
PipeMon,S0501
SYNful Knock,S0519
TINYTYPHON,S0131
KONNI,S0356
T9000,S0098
Winnti for Linux,S0430
gh0st RAT,S0032
Shamoon,S0140
Skeleton Key,S0007
DnsSystem,S1021
MoleNet,S0553
CORALDECK,S0212
JHUHUGIT,S0044
SPACESHIP,S0035
BLUELIGHT,S0657
KGH_SPY,S0526
down_new,S0472
Ixeshe,S0015
Micropsia,S0339
Kerrdown,S0585
RARSTONE,S0055
VBShower,S0442
Black Basta,S1070
Catchamas,S0261
StoneDrill,S0380
OopsIE,S0264
4H RAT,S0065
RogueRobin,S0270
Attor,S0438
DealersChoice,S0243
SQLRat,S0390
LitePower,S0680
MegaCortex,S0576
StreamEx,S0142
Ngrok,S9000
BoxCaon,S0651
NightClub,S1090
Crutch,S0538
SDBbot,S0461
Mosquito,S0256
RTM,S0148
QUIETCANARY,S1076
TRITON,S0609
Derusbi,S0021
SodaMaster,S0627
Hikit,S0009
Grandoreiro,S0531
WellMail,S0515
LiteDuke,S0513
Starloader,S0188
Sakula,S0074
VaporRage,S0636
RawPOS,S0169
Sibot,S0589
ZxxZ,S1013
Tarrask,S1011
WINDSHIELD,S0155
Drovorub,S0502
Shark,S1019
Bazar,S0534
Kobalos,S0641
BadPatch,S0337
MESSAGETAP,S0443
RATANKBA,S0241
SUGARDUMP,S1042
SOUNDBITE,S0157
BADCALL,S0245
hcdLoader,S0071
Nidiran,S0118
MoonWind,S0149
Ryuk,S0446
Cryptoistic,S0498
HermeticWiper,S0697
ABK,S0469
Pysa,S0583
Wiper,S0041
Final1stspy,S0355
ccf32,S1043
Zebrocy,S0251
Pandora,S0664
FinFisher,S0182
SpeakUp,S0374
CrossRAT,S0235
OwaAuth,S0072
Cadelspy,S0454
Cobalt Strike,S0154
SUNBURST,S0559
EvilBunny,S0396
Wingbird,S0176
Cobian RAT,S0338
HotCroissant,S0431
ServHelper,S0382
JCry,S0389
Unknown Logger,S0130
REvil,S0496
RIPTIDE,S0003
Valak,S0476
PinchDuke,S0048
Milan,S1015
USBStealer,S0136
OSX_OCEANLOTUS.D,S0352
CCBkdr,S0222
OnionDuke,S0052
Taidoor,S0011
SHIPSHAPE,S0028
Cherry Picker,S0107
SUPERNOVA,S0578
P2P ZeuS,S0016
Kivars,S0437
CaddyWiper,S0693
Cyclops Blink,S0687
PoisonIvy,S0012
Seasalt,S0345
NativeZone,S0637
NanoCore,S0336
TajMahal,S0467
PLEAD,S0435
Daserf,S0187
GoldFinder,S0597
Carbon,S0335
LoJax,S0397
Cardinal RAT,S0348
DanBot,S1014
BISCUIT,S0017
Calisto,S0274
Pisloader,S0124
GoldenSpy,S0493
Gold Dragon,S0249
RGDoor,S0258
Ramsay,S0458
FakeM,S0076
Carberp,S0484
HARDRAIN,S0246
Pillowmint,S0517
TrailBlazer,S0682
Revenge RAT,S0379
MacMa,S1016
FunnyDream,S1044
SUNSPOT,S0562
More_eggs,S0284
SysUpdate,S0663
TinyZBot,S0004
OutSteel,S1017
BackConfig,S0475
PowGoop,S1046
Kwampirs,S0236
Nerex,S0210
BoomBox,S0635
DEADEYE,S1052
PUNCHTRACK,S0197
Proton,S0279
Trojan.Mebromi,S0001
InnaputRAT,S0259
Kessel,S0487
GrimAgent,S0632
LookBack,S0582
Clop,S0611
NetTraveler,S0033
YAHOYAH,S0388
Lokibot,S0447
CallMe,S0077
ROCKBOOT,S0112
CloudDuke,S0054
Egregor,S0554
PoetRAT,S0428
CHOPSTICK,S0023
FELIXROOT,S0267
ZxShell,S0412
NDiskMonitor,S0272
CoinTicker,S0369
DDKONG,S0255
Penquin,S0587
BabyShark,S0414
Cannon,S0351
CreepySnail,S1024
build_downer,S0471
Melcoz,S0530
Winnti for Windows,S0141
PowerPunch,S0685
BONDUPDATER,S0360
BLACKCOFFEE,S0069
Ebury,S0377
Kinsing,S0599
Meteor,S0688
njRAT,S0385
Maze,S0449
BOOTRASH,S0114
ComRAT,S0126
TURNEDUP,S0199
ChChes,S0144
PowerStallion,S0393
ANDROMEDA,S1074
IceApple,S1022
JPIN,S0201
metaMain,S1059
SideTwist,S0610
KOCTOPUS,S0669
MechaFlounder,S0459
Psylo,S0078
Heyoka Backdoor,S1027
HTTPBrowser,S0070
Mis-Type,S0084
XCSSET,S0658
Disco,S1088
Dipsind,S0200
Octopus,S0340
KillDisk,S0607
AppleJeus,S0584
SoreFang,S0516
STARWHALE,S1037
MirageFox,S0280
Industroyer,S0604
DownPaper,S0186
Socksbot,S0273
HIDEDRV,S0135
CozyCar,S0046
Kevin,S1020
Agent Tesla,S0331
Pasam,S0208
httpclient,S0068
POWERSTATS,S0223
POWERTON,S0371
ECCENTRICBANDWAGON,S0593
BADNEWS,S0128
Linfo,S0211
Goopy,S0477
ShadowPad,S0596
Remexi,S0375
Astaroth,S0373
QakBot,S0650
SYSCON,S0464
CookieMiner,S0492
Hancitor,S0499
Gelsemium,S0666
jRAT,S0283
Helminth,S0170
Dridex,S0384
BBK,S0470
Komplex,S0162
OSX/Shlayer,S0402
Denis,S0354
GLOOXMAIL,S0026
Dok,S0281
Waterbear,S0579
FIVEHANDS,S0618
Comnie,S0244
Vasport,S0207
AutoIt backdoor,S0129
JSS Loader,S0648
PHOREAL,S0158
OSInfo,S0165
MacSpy,S0282
Lizar,S0681
Dtrack,S0567
H1N1,S0132
Seth-Locker,S0639
LoudMiner,S0451
Azorult,S0344
BitPaymer,S0570
BACKSPACE,S0031
Zox,S0672
UPPERCUT,S0275
ADVSTORESHELL,S0045
StrifeWater,S1034
Mivast,S0080
HiddenWasp,S0394
WarzoneRAT,S0670
Net Crawler,S0056
SLOTHFULMEDIA,S0533
FALLCHILL,S0181
Small Sieve,S1035
Flame,S0143
HermeticWizard,S0698
Net,S0039
RemoteUtilities,S0592
BloodHound,S0521
certutil,S0160
at,S0110
UACMe,S0116
ShimRatReporter,S0445
Sliver,S0633
SILENTTRINITY,S0692
PowerSploit,S0194
Pacu,S1091
Windows Credential Editor,S0005
Impacket,S0357
ipconfig,S0100
AADInternals,S0677
Tasklist,S0057
ngrok,S0508
Lslsass,S0121
Arp,S0099
spwebmember,S0227
Empire,S0363
ifconfig,S0101
dsquery,S0105
PcShare,S1050
RawDisk,S0364
netstat,S0104
PoshC2,S0378
Fgdump,S0120
xCmd,S0123
CSPY Downloader,S0527
Rclone,S1040
MimiPenguin,S0179
netsh,S0108
CARROTBALL,S0465
BITSAdmin,S0190
meek,S0175
AsyncRAT,S1087
ROADTools,S0684
Brute Ratel C4,S1063
Peirates,S0683
Remcos,S0332
Systeminfo,S0096
Out1,S0594
ConnectWise,S0591
Imminent Monitor,S0434
Ruler,S0358
Forfiles,S0193
Winexe,S0191
MCMD,S0500
Nltest,S0359
MailSniper,S0413
sqlmap,S0225
pwdump,S0006
Responder,S0174
Pass-The-Hash Toolkit,S0122
Donut,S0695
Mimikatz,S0002
gsecdump,S0008
IronNetInjector,S0581
nbtstat,S0102
Invoke-PSImage,S0231
NBTscan,S0590
LaZagne,S0349
Ping,S0097
cmd,S0106
route,S0103
esentutl,S0404
CrackMapExec,S0488
Koadic,S0250
schtasks,S0111
Cachedump,S0119
Expand,S0361
Pupy,S0192
Reg,S0075
ftp,S0095
Mythic,S0699
HTRAN,S0040
SDelete,S0195
QuasarRAT,S0262
Rubeus,S1071
Tor,S0183
AdFind,S0552
Wevtutil,S0645
Havij,S0224
PsExec,S0029
Credential Access,TA0006
Execution,TA0002
Impact,TA0040
Persistence,TA0003
Privilege Escalation,TA0004
Lateral Movement,TA0008
Defense Evasion,TA0005
Exfiltration,TA0010
Discovery,TA0007
Collection,TA0009
Resource Development,TA0042
Reconnaissance,TA0043
Command and Control,TA0011
Initial Access,TA0001
Extra Window Memory Injection,T1055.011
Scheduled Task,T1053.005
Socket Filters,T1205.002
Indicator Removal from Tools,T1066
Archive via Utility,T1560.001
VNC,T1021.005
Windows Management Instrumentation,T1047
Malicious Shell Modification,T1156
Screen Capture,T1113
Fileless Storage,T1027.011
Bootkit,T1067
Boot or Logon Initialization Scripts,T1037
Adversary-in-the-Middle,T1557
System Owner/User Discovery,T1033
Acquire Infrastructure,T1583
Rundll32,T1218.011
Container and Resource Discovery,T1613
Serverless,T1583.007
Hidden Window,T1143
LC_LOAD_DYLIB Addition,T1161
Standard Encoding,T1132.001
Embedded Payloads,T1027.009
Plist Modification,T1150
Pluggable Authentication Modules,T1556.003
Revert Cloud Instance,T1578.004
HISTCONTROL,T1148
Gather Victim Host Information,T1592
Digital Certificates,T1596.003
Keylogging,T1056.001
Linux and Mac File and Directory Permissions Modification,T1222.002
Password Guessing,T1110.001
PubPrn,T1216.001
Purchase Technical Data,T1597.002
OS Credential Dumping,T1003
Shared Modules,T1129
Data from Configuration Repository,T1602
Disk Structure Wipe,T1561.002
Direct Network Flood,T1498.001
Stored Data Manipulation,T1492
Path Interception by PATH Environment Variable,T1574.007
Sharepoint,T1213.002
Direct Volume Access,T1006
File System Permissions Weakness,T1044
Email Hiding Rules,T1564.008
External Defacement,T1491.002
LLMNR/NBT-NS Poisoning and Relay,T1171
IP Addresses,T1590.005
OS Exhaustion Flood,T1499.001
Rootkit,T1014
PowerShell Profile,T1546.013
JavaScript,T1059.007
DNS,T1590.002
Systemd Service,T1501
Elevated Execution with Prompt,T1514
Audio Capture,T1123
Create or Modify System Process,T1543
External Remote Services,T1133
Component Firmware,T1109
LC_LOAD_DYLIB Addition,T1546.006
Steal Web Session Cookie,T1539
Container Orchestration Job,T1053.007
Domain Generation Algorithms,T1568.002
Double File Extension,T1036.007
Bypass User Account Control,T1548.002
Timestomp,T1099
Internet Connection Discovery,T1016.001
Sudo and Sudo Caching,T1548.003
Modify Cloud Compute Infrastructure,T1578
Malvertising,T1583.008
Permission Groups Discovery,T1069
Email Collection,T1114
Security Account Manager,T1003.002
WHOIS,T1596.002
System Firmware,T1542.001
Search Victim-Owned Websites,T1594
Cloud Groups,T1069.003
Services Registry Permissions Weakness,T1574.011
DNS/Passive DNS,T1596.001
Application Exhaustion Flood,T1499.003
Rc.common,T1163
Compromise Software Dependencies and Development Tools,T1195.001
Digital Certificates,T1588.004
DNS Server,T1583.002
Disk Wipe,T1561
DNS,T1071.004
Cloud Instance Metadata API,T1552.005
Securityd Memory,T1555.002
Group Policy Discovery,T1615
Bootkit,T1542.003
Data from Removable Media,T1025
Code Signing,T1116
Mavinject,T1218.013
Cloud Instance Metadata API,T1522
Process Hollowing,T1093
Local Data Staging,T1074.001
Match Legitimate Name or Location,T1036.005
Domain Fronting,T1172
Digital Certificates,T1587.003
Stored Data Manipulation,T1565.001
Password Cracking,T1110.002
SID-History Injection,T1178
Local Email Collection,T1114.001
Keychain,T1555.001
Boot or Logon Autostart Execution,T1547
LSA Secrets,T1003.004
Port Monitors,T1013
Weaken Encryption,T1600
SAML Tokens,T1606.002
Spearphishing Link,T1192
Masquerade File Type,T1036.008
Service Stop,T1489
Malware,T1587.001
Regsvcs/Regasm,T1121
Device Driver Discovery,T1652
Sudo Caching,T1206
Domain Account,T1087.002
Active Setup,T1547.014
Hide Artifacts,T1564
Dynamic Data Exchange,T1559.002
Malicious File,T1204.002
Identify Business Tempo,T1591.003
Security Software Discovery,T1063
Hardware,T1592.001
Taint Shared Content,T1080
Domain Trust Modification,T1484.002
Symmetric Cryptography,T1573.001
Local Account,T1087.001
Securityd Memory,T1167
Social Media Accounts,T1586.001
Application Access Token,T1527
Safe Mode Boot,T1562.009
Screensaver,T1180
TFTP Boot,T1542.005
Windows Service,T1543.003
Fast Flux DNS,T1568.001
System Checks,T1497.001
Cron,T1053.003
Domain Groups,T1069.002
Vulnerabilities,T1588.006
Spearphishing Link,T1566.002
Startup Items,T1165
Clear Linux or Mac System Logs,T1070.002
Application or System Exploitation,T1499.004
Office Application Startup,T1137
InstallUtil,T1218.004
Spearphishing Link,T1598.003
SSH,T1021.004
Additional Cloud Roles,T1098.003
Print Processors,T1547.012
Disabling Security Tools,T1089
Disk Structure Wipe,T1487
Spearphishing Attachment,T1566.001
Credentials in Registry,T1214
Stripped Payloads,T1027.008
Component Object Model,T1559.001
DLL Search Order Hijacking,T1574.001
Automated Collection,T1119
Clipboard Data,T1115
Proc Filesystem,T1003.007
Botnet,T1583.005
Password Managers,T1555.005
AppInit DLLs,T1103
Gatekeeper Bypass,T1553.001
Drive-by Target,T1608.004
System Service Discovery,T1007
Network Sniffing,T1040
Application Deployment Software,T1017
Code Signing,T1553.002
Data from Cloud Storage,T1530
Runtime Data Manipulation,T1565.003
Credentials in Registry,T1552.002
Network Share Discovery,T1135
Peripheral Device Discovery,T1120
Break Process Trees,T1036.009
Network Topology,T1590.004
Code Signing Certificates,T1587.002
Windows File and Directory Permissions Modification,T1222.001
Add-ins,T1137.006
Transport Agent,T1505.002
System Information Discovery,T1082
Application Layer Protocol,T1071
Remote Data Staging,T1074.002
Additional Container Cluster Roles,T1098.006
Scheduled Task/Job,T1053
Msiexec,T1218.007
Login Item,T1162
Network Trust Dependencies,T1590.003
Reflection Amplification,T1498.002
Password Filter DLL,T1556.002
Terminal Services DLL,T1505.005
AppleScript,T1059.002
Browser Extensions,T1176
Service Exhaustion Flood,T1499.002
Compromise Hardware Supply Chain,T1195.003
Native API,T1106
Clear Network Connection History and Configurations,T1070.007
AS-REP Roasting,T1558.004
Service Registry Permissions Weakness,T1058
Virtual Private Server,T1584.003
Reduce Key Space,T1600.001
Clear Command History,T1070.003
Indirect Command Execution,T1202
Custom Cryptographic Protocol,T1024
Revert Cloud Instance,T1536
Replication Through Removable Media,T1091
Data from Local System,T1005
Deobfuscate/Decode Files or Information,T1140
Outlook Rules,T1137.005
Impair Defenses,T1562
Cloud Accounts,T1586.003
Email Accounts,T1586.002
Upload Malware,T1608.001
Supply Chain Compromise,T1195
Exploit Public-Facing Application,T1190
Steal or Forge Kerberos Tickets,T1558
Credentials from Password Stores,T1555
Exfiltration Over Web Service,T1567
Remote Access Software,T1219
Domains,T1583.001
Archive via Library,T1560.002
Thread Execution Hijacking,T1055.003
Multilayer Encryption,T1079
Masquerading,T1036
Application Shimming,T1546.011
Unsecured Credentials,T1552
Port Monitors,T1547.010
Clear Mailbox Data,T1070.008
Login Hook,T1037.002
Content Injection,T1659
Process Injection,T1055
Exfiltration Over Webhook,T1567.004
Bash History,T1139
Traffic Signaling,T1205
Direct Cloud VM Connections,T1021.008
Credentials from Web Browsers,T1503
System Binary Proxy Execution,T1218
Source,T1153
DLL Search Order Hijacking,T1038
New Service,T1050
Timestomp,T1070.006
Reflective Code Loading,T1620
Wi-Fi Discovery,T1016.002
Ignore Process Interrupts,T1564.011
Escape to Host,T1611
Shortcut Modification,T1547.009
Application Window Discovery,T1010
Standard Cryptographic Protocol,T1032
Email Account,T1087.003
Hypervisor,T1062
Time Based Evasion,T1497.003
AppCert DLLs,T1182
CMSTP,T1218.003
SSH Hijacking,T1563.001
Disable Windows Event Logging,T1562.002
Scheduled Transfer,T1029
SMB/Windows Admin Shares,T1021.002
Implant Internal Image,T1525
Protocol Tunneling,T1572
Control Panel,T1218.002
Network Address Translation Traversal,T1599.001
Upload Tool,T1608.002
Security Support Provider,T1547.005
Winlogon Helper DLL,T1004
Binary Padding,T1009
Use Alternate Authentication Material,T1550
Remote Desktop Protocol,T1076
Threat Intel Vendors,T1597.001
Exfiltration Over Other Network Medium,T1011
Network Device Configuration Dump,T1602.002
Gather Victim Identity Information,T1589
Authentication Package,T1131
Extra Window Memory Injection,T1181
Disable or Modify System Firewall,T1562.004
Archive Collected Data,T1560
Launchctl,T1152
SIP and Trust Provider Hijacking,T1553.003
Domain Generation Algorithms,T1483
Browser Session Hijacking,T1185
Remote Services,T1021
Mail Protocols,T1071.003
Hybrid Identity,T1556.007
Vulnerability Scanning,T1595.002
Cloud API,T1059.009
Search Open Technical Databases,T1596
Disable or Modify Linux Audit System,T1562.012
Rogue Domain Controller,T1207
Code Signing Policy Modification,T1553.006
Deploy Container,T1610
File Deletion,T1107
Private Keys,T1145
Modify Registry,T1112
Launch Daemon,T1543.004
Cloud Infrastructure Discovery,T1580
Credentials from Web Browsers,T1555.003
Path Interception by Search Order Hijacking,T1574.008
Defacement,T1491
Unused/Unsupported Cloud Regions,T1535
DHCP Spoofing,T1557.003
AppleScript,T1155
Remote Service Session Hijacking,T1563
Binary Padding,T1027.001
Web Shell,T1505.003
Group Policy Modification,T1484.001
Browser Information Discovery,T1217
Private Keys,T1552.004
Server,T1583.004
Windows Remote Management,T1021.006
Exfiltration Over Bluetooth,T1011.001
Default Accounts,T1078.001
Time Providers,T1547.003
Image File Execution Options Injection,T1183
Rundll32,T1085
Modify Existing Service,T1031
Trap,T1546.005
Dynamic Linker Hijacking,T1574.006
Local Account,T1136.001
Communication Through Removable Media,T1092
Clear Windows Event Logs,T1070.001
Email Accounts,T1585.002
LLMNR/NBT-NS Poisoning and SMB Relay,T1557.001
File and Directory Permissions Modification,T1222
LSASS Memory,T1003.001
At (Linux),T1053.001
Hooking,T1179
Active Scanning,T1595
Plist Modification,T1547.011
Abuse Elevation Control Mechanism,T1548
Create Process with Token,T1134.002
Setuid and Setgid,T1548.001
Winlogon Helper DLL,T1547.004
System Firmware,T1019
Distributed Component Object Model,T1021.003
Change Default File Association,T1042
Regsvr32,T1117
Password Spraying,T1110.003
External Proxy,T1090.002
Web Portal Capture,T1056.003
Email Addresses,T1589.002
Re-opened Applications,T1164
Indicator Blocking,T1054
Spearphishing Voice,T1598.004
Redundant Access,T1108
Spearphishing Attachment,T1193
Cached Domain Credentials,T1003.005
SSH Authorized Keys,T1098.004
Kernel Modules and Extensions,T1215
Security Support Provider,T1101
Network Security Appliances,T1590.006
Image File Execution Options Injection,T1546.012
Odbcconf,T1218.008
Search Engines,T1593.002
LSASS Driver,T1177
Business Relationships,T1591.002
Temporary Elevated Cloud Access,T1548.005
Video Capture,T1125
Gatekeeper Bypass,T1144
Software Packing,T1045
Process Doppelgänging,T1055.013
System Network Configuration Discovery,T1016
Delete Cloud Instance,T1578.003
Code Repositories,T1593.003
Executable Installer File Permissions Weakness,T1574.005
Accessibility Features,T1546.008
PowerShell Profile,T1504
SIP and Trust Provider Hijacking,T1198
Account Discovery,T1087
Proxy,T1090
Command and Scripting Interpreter,T1059
Indicator Blocking,T1562.006
Domain Account,T1136.002
Employee Names,T1589.003
Domain Trust Discovery,T1482
Golden Ticket,T1558.001
Component Object Model and Distributed COM,T1175
Automated Exfiltration,T1020
Client Configurations,T1592.004
Disable or Modify Cloud Firewall,T1562.007
Right-to-Left Override,T1036.002
Malware,T1588.001
Component Firmware,T1542.002
Indicator Removal,T1070
Exfiltration Over Symmetric Encrypted Non-C2 Protocol,T1048.001
Office Template Macros,T1137.001
Virtual Private Server,T1583.003
Confluence,T1213.001
Pass the Ticket,T1550.003
Container Administration Command,T1609
File and Directory Discovery,T1083
Dynamic Resolution,T1568
Masquerade Task or Service,T1036.004
Asynchronous Procedure Call,T1055.004
Traffic Duplication,T1020.001
Application Shimming,T1138
Plist File Modification,T1647
AppCert DLLs,T1546.009
CMSTP,T1191
Multi-hop Proxy,T1188
Email Forwarding Rule,T1114.003
Data Staged,T1074
Steal or Forge Authentication Certificates,T1649
Device Registration,T1098.005
System Network Connections Discovery,T1049
Compromise Infrastructure,T1584
Mark-of-the-Web Bypass,T1553.005
Disable Crypto Hardware,T1600.002
Pre-OS Boot,T1542
Scripting,T1064
Build Image on Host,T1612
Shared Webroot,T1051
Portable Executable Injection,T1055.002
Verclsid,T1218.012
Compromise Accounts,T1586
Launchctl,T1569.001
Botnet,T1584.005
Network Device CLI,T1059.008
Bash History,T1552.003
Downgrade Attack,T1562.010
XPC Services,T1559.003
Virtualization/Sandbox Evasion,T1497
Web Service,T1102
Credentials In Files,T1552.001
DNS Calculation,T1568.003
Mshta,T1218.005
Login Items,T1547.015
Stage Capabilities,T1608
Link Target,T1608.005
Multi-Stage Channels,T1104
Financial Theft,T1657
Execution Guardrails,T1480
Cloud Storage Object Discovery,T1619
Web Cookies,T1606.001
Log Enumeration,T1654
Token Impersonation/Theft,T1134.001
Exfiltration to Code Repository,T1567.001
Cloud Services,T1021.007
Port Knocking,T1205.001
LNK Icon Smuggling,T1027.012
Web Services,T1583.006
Steal Application Access Token,T1528
Spearphishing Attachment,T1598.002
Additional Cloud Credentials,T1098.001
User Execution,T1204
Internal Defacement,T1491.001
Hidden Users,T1564.002
Make and Impersonate Token,T1134.003
Group Policy Preferences,T1552.006
Control Panel Items,T1196
Exfiltration Over Asymmetric Encrypted Non-C2 Protocol,T1048.002
Cloud Account,T1087.004
Process Discovery,T1057
Impair Command History Logging,T1562.003
Launchd,T1053.004
Network Provider DLL,T1556.008
Windows Management Instrumentation Event Subscription,T1546.003
CDNs,T1596.004
User Activity Based Checks,T1497.002
Input Prompt,T1141
Cloud Accounts,T1585.003
Software Deployment Tools,T1072
Exfiltration Over C2 Channel,T1041
Parent PID Spoofing,T1134.004
Gather Victim Org Information,T1591
Registry Run Keys / Startup Folder,T1060
Forge Web Credentials,T1606
Multi-Factor Authentication Request Generation,T1621
Compromise Client Software Binary,T1554
Chat Messages,T1552.008
PowerShell,T1059.001
Shortcut Modification,T1023
Change Default File Association,T1546.001
VDSO Hijacking,T1055.014
Multiband Communication,T1026
File Transfer Protocols,T1071.002
Component Object Model Hijacking,T1122
Accessibility Features,T1015
Exploitation for Credential Access,T1212
Emond,T1546.014
One-Way Communication,T1102.003
Gather Victim Network Information,T1590
Exploitation of Remote Services,T1210
Parent PID Spoofing,T1502
Keychain,T1142
Internal Spearphishing,T1534
Sudo,T1169
Services File Permissions Weakness,T1574.010
Registry Run Keys / Startup Folder,T1547.001
Trusted Relationship,T1199
Cloud Account,T1136.003
Local Groups,T1069.001
LC_MAIN Hijacking,T1149
Search Open Websites/Domains,T1593
Account Manipulation,T1098
Mshta,T1170
Exfiltration Over Alternative Protocol,T1048
Kernel Modules and Extensions,T1547.006
GUI Input Capture,T1056.002
Pass the Ticket,T1097
Tool,T1588.002
Exfiltration over USB,T1052.001
KernelCallbackTable,T1574.013
Search Closed Sources,T1597
Systemd Timers,T1053.006
Phishing,T1566
Graphical User Interface,T1061
ROMMONkit,T1542.004
Compiled HTML File,T1218.001
Network Share Connection Removal,T1070.005
Multi-hop Proxy,T1090.003
Brute Force,T1110
Unix Shell,T1059.004
Outlook Forms,T1137.003
Dylib Hijacking,T1157
Disable or Modify Tools,T1562.001
Data Manipulation,T1565
Inter-Process Communication,T1559
Data Obfuscation,T1001
Data from Network Shared Drive,T1039
Web Services,T1584.006
Modify System Image,T1601
Hijack Execution Flow,T1574
Indicator Removal from Tools,T1027.005
Malicious Image,T1204.003
Valid Accounts,T1078
Non-Standard Port,T1571
Social Media Accounts,T1585.001
DLL Side-Loading,T1073
Process Hollowing,T1055.012
Exploitation for Privilege Escalation,T1068
Resource Forking,T1564.009
Account Access Removal,T1531
Credential Stuffing,T1110.004
Kerberoasting,T1208
Obfuscated Files or Information,T1027
Multi-Factor Authentication,T1556.006
Remote Email Collection,T1114.002
IIS Components,T1505.004
Invalid Code Signature,T1036.001
Run Virtual Instance,T1564.006
Trap,T1154
Password Policy Discovery,T1201
Event Triggered Execution,T1546
Unix Shell Configuration Modification,T1546.004
Forced Authentication,T1187
SID-History Injection,T1134.005
Network Boundary Bridging,T1599
Data Encrypted for Impact,T1486
Disk Content Wipe,T1488
Subvert Trust Controls,T1553
Elevated Execution with Prompt,T1548.004
Firmware,T1592.003
Encrypted Channel,T1573
Password Filter DLL,T1174
Authentication Package,T1547.002
Regsvr32,T1218.010
Data Compressed,T1002
Exfiltration to Text Storage Sites,T1567.003
Credentials in Files,T1081
Software,T1592.002
Netsh Helper DLL,T1128
Input Capture,T1056
Spearphishing Voice,T1566.004
Exploits,T1587.004
Social Media,T1593.001
Component Object Model Hijacking,T1546.015
Credentials,T1589.001
Compromise Software Supply Chain,T1195.002
Rename System Utilities,T1036.003
Bidirectional Communication,T1102.002
Exploitation for Client Execution,T1203
Wordlist Scanning,T1595.003
Spoof Security Alerting,T1562.011
Outlook Home Page,T1137.004
Asymmetric Cryptography,T1573.002
Exfiltration to Cloud Storage,T1567.002
Lateral Tool Transfer,T1570
Path Interception by Unquoted Path,T1574.009
Install Digital Certificate,T1608.003
Local Job Scheduling,T1168
Setuid and Setgid,T1166
Startup Items,T1037.005
Web Shell,T1100
Process Doppelgänging,T1186
SSH Hijacking,T1184
System Language Discovery,T1614.001
Non-Application Layer Protocol,T1095
Pass the Hash,T1075
Steganography,T1027.003
DNS Server,T1584.002
Protocol Impersonation,T1001.003
Query Registry,T1012
Data Transfer Size Limits,T1030
Windows Remote Management,T1028
Web Session Cookie,T1550.004
Domain Accounts,T1078.002
Regsvcs/Regasm,T1218.009
Path Interception,T1034
Web Session Cookie,T1506
Install Root Certificate,T1553.004
Network Logon Script,T1037.003
Endpoint Denial of Service,T1499
Compile After Delivery,T1027.004
Uncommonly Used Port,T1065
System Location Discovery,T1614
VBA Stomping,T1564.007
BITS Jobs,T1197
MSBuild,T1127.001
Impersonation,T1656
Modify Cloud Compute Configurations,T1578.005
Bypass User Account Control,T1088
Runtime Data Manipulation,T1494
Domain Fronting,T1090.004
ARP Cache Poisoning,T1557.002
Disable or Modify Cloud Logs,T1562.008
Security Software Discovery,T1518.001
Hidden Window,T1564.003
Transmitted Data Manipulation,T1493
Python,T1059.006
Identify Roles,T1591.004
Data Encoding,T1132
AppInit DLLs,T1546.010
Phishing for Information,T1598
Resource Hijacking,T1496
Establish Accounts,T1585
Obtain Capabilities,T1588
Screensaver,T1546.002
Hidden Users,T1147
Create Cloud Instance,T1578.002
Compile After Delivery,T1500
Cloud Secrets Management Stores,T1555.006
Code Repositories,T1213.003
Transmitted Data Manipulation,T1565.002
/etc/passwd and /etc/shadow,T1003.008
Launch Agent,T1543.001
System Services,T1569
Windows Command Shell,T1059.003
Proc Memory,T1055.009
Compiled HTML File,T1223
Acquire Access,T1650
Patch System Image,T1601.001
Silver Ticket,T1558.002
Data from Information Repositories,T1213
Clear Persistence,T1070.009
Clear Command History,T1146
Windows Credential Manager,T1555.004
Emond,T1519
Spearphishing via Service,T1194
Hardware Additions,T1200
Server Software Component,T1505
Data Destruction,T1485
Non-Standard Encoding,T1132.002
Domain Controller Authentication,T1556.001
Transfer Data to Cloud Account,T1537
HTML Smuggling,T1027.006
Reversible Encryption,T1556.005
Command Obfuscation,T1027.010
Install Root Certificate,T1130
Data Encrypted,T1022
File Deletion,T1070.004
Drive-by Compromise,T1189
Network Denial of Service,T1498
Cloud Administration Command,T1651
Installer Packages,T1546.016
Scanning IP Blocks,T1595.001
Hidden Files and Directories,T1158
Template Injection,T1221
RC Scripts,T1037.004
Access Token Manipulation,T1134
Time Providers,T1209
Multi-Factor Authentication Interception,T1111
Launch Agent,T1159
Software Packing,T1027.002
Serverless,T1584.007
Web Protocols,T1071.001
Visual Basic,T1059.005
Hidden File System,T1564.005
Systemd Service,T1543.002
RDP Hijacking,T1563.002
Create Account,T1136
XDG Autostart Entries,T1547.013
Server,T1584.004
Cloud Service Discovery,T1526
Space after Filename,T1151
Remote System Discovery,T1018
Network Service Discovery,T1046
Domain Properties,T1590.001
Software Discovery,T1518
Cloud Service Dashboard,T1538
Thread Local Storage,T1055.005
Debugger Evasion,T1622
Space after Filename,T1036.006
Re-opened Applications,T1547.007
SEO Poisoning,T1608.006
Pass the Hash,T1550.002
Exfiltration Over Physical Medium,T1052
DLL Side-Loading,T1574.002
Ingress Tool Transfer,T1105
Additional Email Delegate Permissions,T1098.002
Code Signing Certificates,T1588.003
Network Share Connection Removal,T1126
Serverless Execution,T1648
Windows Management Instrumentation Event Subscription,T1084
Launch Daemon,T1160
Ptrace System Calls,T1055.008
Power Settings,T1653
Dynamic API Resolution,T1027.007
Remote Desktop Protocol,T1021.001
Logon Script (Windows),T1037.001
ListPlanting,T1055.015
Domain Policy Modification,T1484
XSL Script Processing,T1220
Scan Databases,T1596.005
Hidden Files and Directories,T1564.001
Create Snapshot,T1578.001
Determine Physical Locations,T1591.001
Office Test,T1137.002
Develop Capabilities,T1587
Dynamic Data Exchange,T1173
NTDS,T1003.003
SNMP (MIB Dump),T1602.001
Steganography,T1001.002
Malicious Link,T1204.001
Application Access Token,T1550.001
LSASS Driver,T1547.008
Service Execution,T1569.002
Cloud Accounts,T1078.004
Environmental Keying,T1480.001
Fallback Channels,T1008
NTFS File Attributes,T1564.004
Kerberoasting,T1558.003
NTFS File Attributes,T1096
DCSync,T1003.006
System Time Discovery,T1124
At,T1053.002
Service Execution,T1035
Dynamic-link Library Injection,T1055.001
PowerShell,T1086
Exploits,T1588.005
Modify Authentication Process,T1556
Credential API Hooking,T1056.004
Firmware Corruption,T1495
Inhibit System Recovery,T1490
Netsh Helper DLL,T1546.007
Spearphishing via Service,T1566.003
Internal Proxy,T1090.001
System Script Proxy Execution,T1216
Custom Command and Control Protocol,T1094
Dead Drop Resolver,T1102.001
InstallUtil,T1118
Junk Data,T1001.001
Spearphishing Service,T1598.001
Commonly Used Port,T1043
Container API,T1552.007
Domains,T1584.001
SQL Stored Procedures,T1505.001
Network Device Authentication,T1556.004
Disk Content Wipe,T1561.001
Exfiltration Over Unencrypted Non-C2 Protocol,T1048.003
Dylib Hijacking,T1574.004
Downgrade System Image,T1601.002
Local Accounts,T1078.003
Exploitation for Defense Evasion,T1211
Trusted Developer Utilities Proxy Execution,T1127
System Shutdown/Reboot,T1529
MMC,T1218.014
Process Argument Spoofing,T1564.010
Windows Admin Shares,T1077
COR_PROFILER,T1574.012
Indrik Spider,G0119
C0027,C0027
LuminousMoth,G1014
Operation Wocao,C0014
Wizard Spider,G0102
Elderwood,G0066
Frankenstein,G0101
FIN7,G0046
WIRTE,G0090
FunnyDream,C0007
Dragonfly,G0035
OilRig,G0049
Equation,G0020
Fox Kitten,G0117
SolarWinds Compromise,C0024
Lazarus Group,G0032
Aquatic Panda,G0143
C0010,C0010
TA505,G0092
Inception,G0100
admin@338,G0018
BlackTech,G0098
Earth Lusca,G1006
Operation CuckooBees,C0012
UNC2452,G0118
Turla,G0010
Suckfly,G0039
CostaRicto,C0004
TeamTNT,G0139
FIN6,G0037
Silence,G0091
Patchwork,G0040
APT28,G0007
Aoqin Dragon,G1007
HEXANE,G1001
Darkhotel,G0012
Ke3chang,G0004
Honeybee,G0072
Leafminer,G0077
Magic Hound,G0059
APT29,G0016
EXOTIC LILY,G1011
Sandworm Team,G0034
Operation Honeybee,C0006
2016 Ukraine Electric Power Attack,C0025
Cobalt Group,G0080
Andariel,G0138
HAFNIUM,G0125
APT39,G0087
MuddyWater,G0069
APT38,G0082
Volt Typhoon,G1017
Transparent Tribe,G0134
Ember Bear,G1003
APT32,G0050
BRONZE BUTLER,G0060
POLONIUM,G1005
BackdoorDiplomacy,G0135
Kimsuky,G0094
Leviathan,G0065
Ajax Security Team,G0130
Mustang Panda,G0129
LAPSUS$,G1004
Chimera,G0114
TA2541,G1018
BITTER,G1002
RTM,G0048
menuPass,G0045
Operation Wocao,G0116
Tropic Trooper,G0081
2015 Ukraine Electric Power Attack,C0028
C0018,C0018
APT19,G0073
Moses Staff,G1009
Operation Dust Storm,C0016
Operation Dream Job,C0022
Night Dragon,G0014
Molerats,G0021
Stealth Falcon,G0038
DarkVishnya,G0105
APT37,G0067
Threat Group-1314,G0028
APT41,G0096
FIN13,G1016
Group5,G0043
PLATINUM,G0068
GALLIUM,G0093
FIN10,G0051
C0015,C0015
Winnti Group,G0044
FIN8,G0061
Rocke,G0106
Scattered Spider,G1015
CURIUM,G1012
Windigo,G0124
Blue Mockingbird,G0108
CostaRicto,G0132
FIN4,G0085
Gorgon Group,G0078
C0021,C0021
Frankenstein,C0001
Dragonfly 2.0,G0074
Sidewinder,G0121
Gelsemium,G0141
Higaisa,G0126
APT30,G0013
Windshift,G0112
Confucius,G0142
Threat Group-3390,G0027
Tonto Team,G0131
Gamaredon Group,G0047
Night Dragon,C0002
Operation Ghost,C0023
Rancor,G0075
TA551,G0127
Axiom,G0001
Dark Caracal,G0070
Nomadic Octopus,G0133
APT12,G0005
APT3,G0022
Putter Panda,G0024
Metador,G1013
TA459,G0062
ZIRCONIUM,G0128
APT1,G0006
Naikon,G0019
Dust Storm,G0031
Sowbug,G0054
Mofang,G0103
Machete,G0095
C0017,C0017
FIN5,G0053
SideCopy,G1008
Operation Spalax,C0005
APT33,G0064
Operation Sharpshooter,C0013
GOLD SOUTHFIELD,G0115
Volatile Cedar,G0123
Evilnum,G0120
Sharpshooter,G0104
Cleaver,G0003
TEMP.Veles,G0088
DarkHydrus,G0079
Whitefly,G0107
Silent Librarian,G0122
C0011,C0011
APT18,G0026
Carbanak,G0008
Orangeworm,G0071
Deep Panda,G0009
APT-C-36,G0099
The White Company,G0089
Poseidon Group,G0033
LazyScripter,G0140
Gallmaker,G0084
MoustachedBouncer,G1019
CopyKittens,G0052
Thrip,G0076
C0026,C0026
Stolen Pencil,G0086
PROMETHIUM,G0056
GCMAN,G0036
Ferocious Kitten,G0137
PittyTiger,G0011
APT17,G0025
BlackOasis,G0063
IndigoZebra,G0136
SilverTerrier,G0083
Strider,G0041
Lotus Blossom,G0030
Scarlet Mimic,G0029
APT16,G0023
Moafee,G0002
NEODYMIUM,G0055
DragonOK,G0017
Taidoor,G0015
Network Traffic,DS0029
Instance,DS0030
Service,DS0019
File,DS0022
Process,DS0009
User Account,DS0002
Web Credential,DS0006
Internet Scan,DS0035
Logon Session,DS0028
Windows Registry,DS0024
Command,DS0017
Cloud Storage,DS0010
Scheduled Job,DS0003
Active Directory,DS0026
Container,DS0032
Named Pipe,DS0023
Module,DS0011
Driver,DS0027
Drive,DS0016
Application Log,DS0015
Script,DS0012
Certificate,DS0037
Firmware,DS0001
Snapshot,DS0020
Group,DS0036
Image,DS0007
Malware Repository,DS0004
Sensor Health,DS0013
Network Share,DS0033
WMI,DS0005
Domain Name,DS0038
Kernel,DS0008
Persona,DS0021
Firewall,DS0018
Cloud Service,DS0025
Volume,DS0034
Pod,DS0014
Cluster,DS0031
MONSOON,G0042
Charming Kitten,G0058
APT34,G0057